機車竊盜概況,發生數,破獲數,類別
107年 1月/ 新北市 ,164,180,機車竊盜
107年 1月/ 臺北市 ,61,64,機車竊盜
107年 1月/ 桃園市 ,166,154,機車竊盜
107年 1月/ 臺中市 ,63,77,機車竊盜
107年 1月/ 臺南市 ,30,34,機車竊盜
107年 1月/ 高雄市 ,108,120,機車竊盜
107年 1月/ 宜蘭縣 ,7,15,機車竊盜
107年 1月/ 新竹縣 ,22,27,機車竊盜
107年 1月/ 苗栗縣 ,10,12,機車竊盜
107年 1月/ 彰化縣 ,11,16,機車竊盜
107年 1月/ 南投縣 ,11,13,機車竊盜
107年 1月/ 雲林縣 ,14,16,機車竊盜
107年 1月/ 嘉義縣 ,14,11,機車竊盜
107年 1月/ 屏東縣 ,22,26,機車竊盜
107年 1月/ 臺東縣 ,9,10,機車竊盜
107年 1月/ 花蓮縣 ,5,7,機車竊盜
107年 1月/ 澎湖縣 ,0,0,機車竊盜
107年 1月/ 基隆市 ,13,14,機車竊盜
107年 1月/ 新竹市 ,33,23,機車竊盜
107年 1月/ 嘉義市 ,6,10,機車竊盜
107年 1月/ 金門縣 ,0,0,機車竊盜
107年 1月/ 連江縣 ,0,0,機車竊盜
107年 2月/ 新北市 ,151,133,機車竊盜
107年 2月/ 臺北市 ,54,45,機車竊盜
107年 2月/ 桃園市 ,136,168,機車竊盜
107年 2月/ 臺中市 ,46,55,機車竊盜
107年 2月/ 臺南市 ,31,37,機車竊盜
107年 2月/ 高雄市 ,81,86,機車竊盜
107年 2月/ 宜蘭縣 ,10,5,機車竊盜
107年 2月/ 新竹縣 ,25,15,機車竊盜
107年 2月/ 苗栗縣 ,7,11,機車竊盜
107年 2月/ 彰化縣 ,16,19,機車竊盜
107年 2月/ 南投縣 ,26,16,機車竊盜
107年 2月/ 雲林縣 ,12,17,機車竊盜
107年 2月/ 嘉義縣 ,7,7,機車竊盜
107年 2月/ 屏東縣 ,19,16,機車竊盜
107年 2月/ 臺東縣 ,10,4,機車竊盜
107年 2月/ 花蓮縣 ,5,3,機車竊盜
107年 2月/ 澎湖縣 ,1,2,機車竊盜
107年 2月/ 基隆市 ,13,12,機車竊盜
107年 2月/ 新竹市 ,28,25,機車竊盜
107年 2月/ 嘉義市 ,4,4,機車竊盜
107年 2月/ 金門縣 ,0,0,機車竊盜
107年 2月/ 連江縣 ,0,0,機車竊盜
107年 3月/ 新北市 ,175,199,機車竊盜
107年 3月/ 臺北市 ,61,73,機車竊盜
107年 3月/ 桃園市 ,151,201,機車竊盜
107年 3月/ 臺中市 ,67,71,機車竊盜
107年 3月/ 臺南市 ,39,39,機車竊盜
107年 3月/ 高雄市 ,67,98,機車竊盜
107年 3月/ 宜蘭縣 ,15,22,機車竊盜
107年 3月/ 新竹縣 ,35,26,機車竊盜
107年 3月/ 苗栗縣 ,4,5,機車竊盜
107年 3月/ 彰化縣 ,15,22,機車竊盜
107年 3月/ 南投縣 ,17,18,機車竊盜
107年 3月/ 雲林縣 ,14,13,機車竊盜
107年 3月/ 嘉義縣 ,5,13,機車竊盜
107年 3月/ 屏東縣 ,11,25,機車竊盜
107年 3月/ 臺東縣 ,10,12,機車竊盜
107年 3月/ 花蓮縣 ,6,5,機車竊盜
107年 3月/ 澎湖縣 ,1,1,機車竊盜
107年 3月/ 基隆市 ,14,19,機車竊盜
107年 3月/ 新竹市 ,28,27,機車竊盜
107年 3月/ 嘉義市 ,8,4,機車竊盜
107年 3月/ 金門縣 ,1,0,機車竊盜
107年 3月/ 連江縣 ,0,0,機車竊盜
107年 4月/ 新北市 ,166,183,機車竊盜
107年 4月/ 臺北市 ,61,59,機車竊盜
107年 4月/ 桃園市 ,128,179,機車竊盜
107年 4月/ 臺中市 ,63,59,機車竊盜
107年 4月/ 臺南市 ,35,39,機車竊盜
107年 4月/ 高雄市 ,82,98,機車竊盜
107年 4月/ 宜蘭縣 ,11,7,機車竊盜
107年 4月/ 新竹縣 ,32,34,機車竊盜
107年 4月/ 苗栗縣 ,13,15,機車竊盜
107年 4月/ 彰化縣 ,14,11,機車竊盜
107年 4月/ 南投縣 ,20,26,機車竊盜
107年 4月/ 雲林縣 ,12,19,機車竊盜
107年 4月/ 嘉義縣 ,5,4,機車竊盜
107年 4月/ 屏東縣 ,20,17,機車竊盜
107年 4月/ 臺東縣 ,3,6,機車竊盜
107年 4月/ 花蓮縣 ,5,4,機車竊盜
107年 4月/ 澎湖縣 ,0,1,機車竊盜
107年 4月/ 基隆市 ,14,10,機車竊盜
107年 4月/ 新竹市 ,37,21,機車竊盜
107年 4月/ 嘉義市 ,7,2,機車竊盜
107年 4月/ 金門縣 ,2,2,機車竊盜
107年 4月/ 連江縣 ,0,0,機車竊盜
107年 5月/ 新北市 ,242,223,機車竊盜
107年 5月/ 臺北市 ,77,72,機車竊盜
107年 5月/ 桃園市 ,178,202,機車竊盜
107年 5月/ 臺中市 ,98,84,機車竊盜
107年 5月/ 臺南市 ,60,46,機車竊盜
107年 5月/ 高雄市 ,94,84,機車竊盜
107年 5月/ 宜蘭縣 ,13,12,機車竊盜
107年 5月/ 新竹縣 ,32,36,機車竊盜
107年 5月/ 苗栗縣 ,14,12,機車竊盜
107年 5月/ 彰化縣 ,30,36,機車竊盜
107年 5月/ 南投縣 ,10,14,機車竊盜
107年 5月/ 雲林縣 ,10,8,機車竊盜
107年 5月/ 嘉義縣 ,12,7,機車竊盜
107年 5月/ 屏東縣 ,19,19,機車竊盜
107年 5月/ 臺東縣 ,4,2,機車竊盜
107年 5月/ 花蓮縣 ,2,5,機車竊盜
107年 5月/ 澎湖縣 ,3,3,機車竊盜
107年 5月/ 基隆市 ,13,15,機車竊盜
107年 5月/ 新竹市 ,39,28,機車竊盜
107年 5月/ 嘉義市 ,8,9,機車竊盜
107年 5月/ 金門縣 ,0,0,機車竊盜
107年 5月/ 連江縣 ,0,0,機車竊盜
107年 6月/ 新北市 ,177,151,機車竊盜
107年 6月/ 臺北市 ,69,54,機車竊盜
107年 6月/ 桃園市 ,183,157,機車竊盜
107年 6月/ 臺中市 ,76,71,機車竊盜
107年 6月/ 臺南市 ,44,29,機車竊盜
107年 6月/ 高雄市 ,87,73,機車竊盜
107年 6月/ 宜蘭縣 ,10,10,機車竊盜
107年 6月/ 新竹縣 ,38,24,機車竊盜
107年 6月/ 苗栗縣 ,14,13,機車竊盜
107年 6月/ 彰化縣 ,12,12,機車竊盜
107年 6月/ 南投縣 ,14,10,機車竊盜
107年 6月/ 雲林縣 ,3,6,機車竊盜
107年 6月/ 嘉義縣 ,9,3,機車竊盜
107年 6月/ 屏東縣 ,25,20,機車竊盜
107年 6月/ 臺東縣 ,3,6,機車竊盜
107年 6月/ 花蓮縣 ,0,2,機車竊盜
107年 6月/ 澎湖縣 ,4,2,機車竊盜
107年 6月/ 基隆市 ,7,10,機車竊盜
107年 6月/ 新竹市 ,22,27,機車竊盜
107年 6月/ 嘉義市 ,3,6,機車竊盜
107年 6月/ 金門縣 ,0,0,機車竊盜
107年 6月/ 連江縣 ,0,0,機車竊盜
107年 7月/ 新北市 ,240,205,機車竊盜
107年 7月/ 臺北市 ,69,62,機車竊盜
107年 7月/ 桃園市 ,190,170,機車竊盜
107年 7月/ 臺中市 ,70,66,機車竊盜
107年 7月/ 臺南市 ,31,28,機車竊盜
107年 7月/ 高雄市 ,101,91,機車竊盜
107年 7月/ 宜蘭縣 ,10,5,機車竊盜
107年 7月/ 新竹縣 ,26,32,機車竊盜
107年 7月/ 苗栗縣 ,14,10,機車竊盜
107年 7月/ 彰化縣 ,22,20,機車竊盜
107年 7月/ 南投縣 ,13,13,機車竊盜
107年 7月/ 雲林縣 ,10,15,機車竊盜
107年 7月/ 嘉義縣 ,6,4,機車竊盜
107年 7月/ 屏東縣 ,20,19,機車竊盜
107年 7月/ 臺東縣 ,4,4,機車竊盜
107年 7月/ 花蓮縣 ,4,3,機車竊盜
107年 7月/ 澎湖縣 ,3,4,機車竊盜
107年 7月/ 基隆市 ,14,11,機車竊盜
107年 7月/ 新竹市 ,33,23,機車竊盜
107年 7月/ 嘉義市 ,5,5,機車竊盜
107年 7月/ 金門縣 ,6,0,機車竊盜
107年 7月/ 連江縣 ,0,0,機車竊盜
107年 8月/ 新北市 ,193,182,機車竊盜
107年 8月/ 臺北市 ,84,73,機車竊盜
107年 8月/ 桃園市 ,166,131,機車竊盜
107年 8月/ 臺中市 ,80,68,機車竊盜
107年 8月/ 臺南市 ,25,16,機車竊盜
107年 8月/ 高雄市 ,95,90,機車竊盜
107年 8月/ 宜蘭縣 ,11,14,機車竊盜
107年 8月/ 新竹縣 ,21,29,機車竊盜
107年 8月/ 苗栗縣 ,12,13,機車竊盜
107年 8月/ 彰化縣 ,16,12,機車竊盜
107年 8月/ 南投縣 ,22,16,機車竊盜
107年 8月/ 雲林縣 ,11,20,機車竊盜
107年 8月/ 嘉義縣 ,2,4,機車竊盜
107年 8月/ 屏東縣 ,17,14,機車竊盜
107年 8月/ 臺東縣 ,3,0,機車竊盜
107年 8月/ 花蓮縣 ,9,5,機車竊盜
107年 8月/ 澎湖縣 ,2,0,機車竊盜
107年 8月/ 基隆市 ,16,12,機車竊盜
107年 8月/ 新竹市 ,25,22,機車竊盜
107年 8月/ 嘉義市 ,4,2,機車竊盜
107年 8月/ 金門縣 ,2,0,機車竊盜
107年 8月/ 連江縣 ,0,1,機車竊盜
107年 9月/ 新北市 ,170,170,機車竊盜
107年 9月/ 臺北市 ,66,60,機車竊盜
107年 9月/ 桃園市 ,164,121,機車竊盜
107年 9月/ 臺中市 ,92,77,機車竊盜
107年 9月/ 臺南市 ,39,28,機車竊盜
107年 9月/ 高雄市 ,110,95,機車竊盜
107年 9月/ 宜蘭縣 ,7,6,機車竊盜
107年 9月/ 新竹縣 ,27,18,機車竊盜
107年 9月/ 苗栗縣 ,12,9,機車竊盜
107年 9月/ 彰化縣 ,28,16,機車竊盜
107年 9月/ 南投縣 ,11,12,機車竊盜
107年 9月/ 雲林縣 ,13,19,機車竊盜
107年 9月/ 嘉義縣 ,4,3,機車竊盜
107年 9月/ 屏東縣 ,24,17,機車竊盜
107年 9月/ 臺東縣 ,6,5,機車竊盜
107年 9月/ 花蓮縣 ,4,2,機車竊盜
107年 9月/ 澎湖縣 ,3,1,機車竊盜
107年 9月/ 基隆市 ,4,4,機車竊盜
107年 9月/ 新竹市 ,26,21,機車竊盜
107年 9月/ 嘉義市 ,6,4,機車竊盜
107年 9月/ 金門縣 ,1,0,機車竊盜
107年 9月/ 連江縣 ,0,1,機車竊盜
107年 10月/ 新北市 ,204,152,機車竊盜
107年 10月/ 臺北市 ,89,66,機車竊盜
107年 10月/ 桃園市 ,188,178,機車竊盜
107年 10月/ 臺中市 ,62,62,機車竊盜
107年 10月/ 臺南市 ,38,31,機車竊盜
107年 10月/ 高雄市 ,98,106,機車竊盜
107年 10月/ 宜蘭縣 ,4,5,機車竊盜
107年 10月/ 新竹縣 ,35,21,機車竊盜
107年 10月/ 苗栗縣 ,8,10,機車竊盜
107年 10月/ 彰化縣 ,22,15,機車竊盜
107年 10月/ 南投縣 ,7,8,機車竊盜
107年 10月/ 雲林縣 ,7,7,機車竊盜
107年 10月/ 嘉義縣 ,3,2,機車竊盜
107年 10月/ 屏東縣 ,18,21,機車竊盜
107年 10月/ 臺東縣 ,4,8,機車竊盜
107年 10月/ 花蓮縣 ,5,3,機車竊盜
107年 10月/ 澎湖縣 ,3,2,機車竊盜
107年 10月/ 基隆市 ,20,14,機車竊盜
107年 10月/ 新竹市 ,23,11,機車竊盜
107年 10月/ 嘉義市 ,2,5,機車竊盜
107年 10月/ 金門縣 ,0,0,機車竊盜
107年 10月/ 連江縣 ,0,0,機車竊盜
107年 11月/ 新北市 ,197,173,機車竊盜
107年 11月/ 臺北市 ,63,68,機車竊盜
107年 11月/ 桃園市 ,175,165,機車竊盜
107年 11月/ 臺中市 ,74,62,機車竊盜
107年 11月/ 臺南市 ,33,26,機車竊盜
107年 11月/ 高雄市 ,94,83,機車竊盜
107年 11月/ 宜蘭縣 ,8,5,機車竊盜
107年 11月/ 新竹縣 ,32,33,機車竊盜
107年 11月/ 苗栗縣 ,15,16,機車竊盜
107年 11月/ 彰化縣 ,13,15,機車竊盜
107年 11月/ 南投縣 ,17,13,機車竊盜
107年 11月/ 雲林縣 ,14,9,機車竊盜
107年 11月/ 嘉義縣 ,4,3,機車竊盜
107年 11月/ 屏東縣 ,17,11,機車竊盜
107年 11月/ 臺東縣 ,1,3,機車竊盜
107年 11月/ 花蓮縣 ,4,6,機車竊盜
107年 11月/ 澎湖縣 ,6,5,機車竊盜
107年 11月/ 基隆市 ,11,9,機車竊盜
107年 11月/ 新竹市 ,28,26,機車竊盜
107年 11月/ 嘉義市 ,6,3,機車竊盜
107年 11月/ 金門縣 ,1,0,機車竊盜
107年 11月/ 連江縣 ,0,0,機車竊盜
107年 12月/ 新北市 ,182,153,機車竊盜
107年 12月/ 臺北市 ,72,53,機車竊盜
107年 12月/ 桃園市 ,175,118,機車竊盜
107年 12月/ 臺中市 ,65,67,機車竊盜
107年 12月/ 臺南市 ,30,27,機車竊盜
107年 12月/ 高雄市 ,104,81,機車竊盜
107年 12月/ 宜蘭縣 ,13,7,機車竊盜
107年 12月/ 新竹縣 ,41,33,機車竊盜
107年 12月/ 苗栗縣 ,11,12,機車竊盜
107年 12月/ 彰化縣 ,9,15,機車竊盜
107年 12月/ 南投縣 ,14,9,機車竊盜
107年 12月/ 雲林縣 ,12,9,機車竊盜
107年 12月/ 嘉義縣 ,4,2,機車竊盜
107年 12月/ 屏東縣 ,18,11,機車竊盜
107年 12月/ 臺東縣 ,7,4,機車竊盜
107年 12月/ 花蓮縣 ,7,6,機車竊盜
107年 12月/ 澎湖縣 ,2,0,機車竊盜
107年 12月/ 基隆市 ,10,5,機車竊盜
107年 12月/ 新竹市 ,25,23,機車竊盜
107年 12月/ 嘉義市 ,6,7,機車竊盜
107年 12月/ 金門縣 ,0,1,機車竊盜
107年 12月/ 連江縣 ,0,0,機車竊盜
108年 1月/ 新北市 ,137,153,機車竊盜
108年 1月/ 臺北市 ,37,54,機車竊盜
108年 1月/ 桃園市 ,117,185,機車竊盜
108年 1月/ 臺中市 ,54,41,機車竊盜
108年 1月/ 臺南市 ,28,27,機車竊盜
108年 1月/ 高雄市 ,60,79,機車竊盜
108年 1月/ 宜蘭縣 ,2,7,機車竊盜
108年 1月/ 新竹縣 ,20,29,機車竊盜
108年 1月/ 苗栗縣 ,4,4,機車竊盜
108年 1月/ 彰化縣 ,19,25,機車竊盜
108年 1月/ 南投縣 ,15,18,機車竊盜
108年 1月/ 雲林縣 ,14,15,機車竊盜
108年 1月/ 嘉義縣 ,4,8,機車竊盜
108年 1月/ 屏東縣 ,11,12,機車竊盜
108年 1月/ 臺東縣 ,7,10,機車竊盜
108年 1月/ 花蓮縣 ,7,7,機車竊盜
108年 1月/ 澎湖縣 ,0,0,機車竊盜
108年 1月/ 基隆市 ,2,6,機車竊盜
108年 1月/ 新竹市 ,27,33,機車竊盜
108年 1月/ 嘉義市 ,7,6,機車竊盜
108年 1月/ 金門縣 ,0,0,機車竊盜
108年 1月/ 連江縣 ,0,0,機車竊盜
108年 2月/ 新北市 ,114,124,機車竊盜
108年 2月/ 臺北市 ,23,36,機車竊盜
108年 2月/ 桃園市 ,98,120,機車竊盜
108年 2月/ 臺中市 ,37,57,機車竊盜
108年 2月/ 臺南市 ,32,33,機車竊盜
108年 2月/ 高雄市 ,55,66,機車竊盜
108年 2月/ 宜蘭縣 ,7,6,機車竊盜
108年 2月/ 新竹縣 ,13,16,機車竊盜
108年 2月/ 苗栗縣 ,4,7,機車竊盜
108年 2月/ 彰化縣 ,9,12,機車竊盜
108年 2月/ 南投縣 ,12,9,機車竊盜
108年 2月/ 雲林縣 ,15,14,機車竊盜
108年 2月/ 嘉義縣 ,2,3,機車竊盜
108年 2月/ 屏東縣 ,27,22,機車竊盜
108年 2月/ 臺東縣 ,1,3,機車竊盜
108年 2月/ 花蓮縣 ,5,2,機車竊盜
108年 2月/ 澎湖縣 ,0,0,機車竊盜
108年 2月/ 基隆市 ,5,9,機車竊盜
108年 2月/ 新竹市 ,21,21,機車竊盜
108年 2月/ 嘉義市 ,0,2,機車竊盜
108年 2月/ 金門縣 ,0,0,機車竊盜
108年 2月/ 連江縣 ,0,0,機車竊盜
108年 3月/ 新北市 ,96,116,機車竊盜
108年 3月/ 臺北市 ,25,35,機車竊盜
108年 3月/ 桃園市 ,88,129,機車竊盜
108年 3月/ 臺中市 ,43,39,機車竊盜
108年 3月/ 臺南市 ,32,31,機車竊盜
108年 3月/ 高雄市 ,61,61,機車竊盜
108年 3月/ 宜蘭縣 ,11,13,機車竊盜
108年 3月/ 新竹縣 ,15,20,機車竊盜
108年 3月/ 苗栗縣 ,7,9,機車竊盜
108年 3月/ 彰化縣 ,17,20,機車竊盜
108年 3月/ 南投縣 ,8,9,機車竊盜
108年 3月/ 雲林縣 ,10,6,機車竊盜
108年 3月/ 嘉義縣 ,5,7,機車竊盜
108年 3月/ 屏東縣 ,25,22,機車竊盜
108年 3月/ 臺東縣 ,2,2,機車竊盜
108年 3月/ 花蓮縣 ,5,6,機車竊盜
108年 3月/ 澎湖縣 ,0,0,機車竊盜
108年 3月/ 基隆市 ,8,8,機車竊盜
108年 3月/ 新竹市 ,22,27,機車竊盜
108年 3月/ 嘉義市 ,3,2,機車竊盜
108年 3月/ 金門縣 ,1,2,機車竊盜
108年 3月/ 連江縣 ,0,0,機車竊盜
108年 4月/ 新北市 ,80,114,機車竊盜
108年 4月/ 臺北市 ,24,32,機車竊盜
108年 4月/ 桃園市 ,81,135,機車竊盜
108年 4月/ 臺中市 ,39,39,機車竊盜
108年 4月/ 臺南市 ,21,23,機車竊盜
108年 4月/ 高雄市 ,57,65,機車竊盜
108年 4月/ 宜蘭縣 ,8,6,機車竊盜
108年 4月/ 新竹縣 ,9,12,機車竊盜
108年 4月/ 苗栗縣 ,9,12,機車竊盜
108年 4月/ 彰化縣 ,11,13,機車竊盜
108年 4月/ 南投縣 ,18,14,機車竊盜
108年 4月/ 雲林縣 ,9,10,機車竊盜
108年 4月/ 嘉義縣 ,5,5,機車竊盜
108年 4月/ 屏東縣 ,18,19,機車竊盜
108年 4月/ 臺東縣 ,7,4,機車竊盜
108年 4月/ 花蓮縣 ,5,6,機車竊盜
108年 4月/ 澎湖縣 ,1,1,機車竊盜
108年 4月/ 基隆市 ,5,2,機車竊盜
108年 4月/ 新竹市 ,11,23,機車竊盜
108年 4月/ 嘉義市 ,2,2,機車竊盜
108年 4月/ 金門縣 ,0,0,機車竊盜
108年 4月/ 連江縣 ,0,0,機車竊盜
108年 5月/ 新北市 ,100,127,機車竊盜
108年 5月/ 臺北市 ,29,38,機車竊盜
108年 5月/ 桃園市 ,98,93,機車竊盜
108年 5月/ 臺中市 ,41,45,機車竊盜
108年 5月/ 臺南市 ,22,20,機車竊盜
108年 5月/ 高雄市 ,52,42,機車竊盜
108年 5月/ 宜蘭縣 ,10,12,機車竊盜
108年 5月/ 新竹縣 ,21,12,機車竊盜
108年 5月/ 苗栗縣 ,7,5,機車竊盜
108年 5月/ 彰化縣 ,15,14,機車竊盜
108年 5月/ 南投縣 ,8,6,機車竊盜
108年 5月/ 雲林縣 ,12,13,機車竊盜
108年 5月/ 嘉義縣 ,5,9,機車竊盜
108年 5月/ 屏東縣 ,15,16,機車竊盜
108年 5月/ 臺東縣 ,2,1,機車竊盜
108年 5月/ 花蓮縣 ,11,10,機車竊盜
108年 5月/ 澎湖縣 ,1,3,機車竊盜
108年 5月/ 基隆市 ,0,3,機車竊盜
108年 5月/ 新竹市 ,10,24,機車竊盜
108年 5月/ 嘉義市 ,1,2,機車竊盜
108年 5月/ 金門縣 ,2,2,機車竊盜
108年 5月/ 連江縣 ,0,0,機車竊盜
108年 6月/ 新北市 ,126,118,機車竊盜
108年 6月/ 臺北市 ,48,57,機車竊盜
108年 6月/ 桃園市 ,92,98,機車竊盜
108年 6月/ 臺中市 ,42,35,機車竊盜
108年 6月/ 臺南市 ,22,23,機車竊盜
108年 6月/ 高雄市 ,65,55,機車竊盜
108年 6月/ 宜蘭縣 ,12,8,機車竊盜
108年 6月/ 新竹縣 ,21,17,機車竊盜
108年 6月/ 苗栗縣 ,6,9,機車竊盜
108年 6月/ 彰化縣 ,15,14,機車竊盜
108年 6月/ 南投縣 ,15,8,機車竊盜
108年 6月/ 雲林縣 ,13,11,機車竊盜
108年 6月/ 嘉義縣 ,4,1,機車竊盜
108年 6月/ 屏東縣 ,14,17,機車竊盜
108年 6月/ 臺東縣 ,4,3,機車竊盜
108年 6月/ 花蓮縣 ,9,10,機車竊盜
108年 6月/ 澎湖縣 ,4,4,機車竊盜
108年 6月/ 基隆市 ,4,4,機車竊盜
108年 6月/ 新竹市 ,10,12,機車竊盜
108年 6月/ 嘉義市 ,6,6,機車竊盜
108年 6月/ 金門縣 ,0,0,機車竊盜
108年 6月/ 連江縣 ,0,0,機車竊盜
108年 7月/ 新北市 ,114,130,機車竊盜
108年 7月/ 臺北市 ,46,36,機車竊盜
108年 7月/ 桃園市 ,119,114,機車竊盜
108年 7月/ 臺中市 ,69,66,機車竊盜
108年 7月/ 臺南市 ,18,17,機車竊盜
108年 7月/ 高雄市 ,74,77,機車竊盜
108年 7月/ 宜蘭縣 ,10,14,機車竊盜
108年 7月/ 新竹縣 ,21,17,機車竊盜
108年 7月/ 苗栗縣 ,5,6,機車竊盜
108年 7月/ 彰化縣 ,22,24,機車竊盜
108年 7月/ 南投縣 ,14,11,機車竊盜
108年 7月/ 雲林縣 ,7,7,機車竊盜
108年 7月/ 嘉義縣 ,6,9,機車竊盜
108年 7月/ 屏東縣 ,22,17,機車竊盜
108年 7月/ 臺東縣 ,2,3,機車竊盜
108年 7月/ 花蓮縣 ,6,7,機車竊盜
108年 7月/ 澎湖縣 ,0,0,機車竊盜
108年 7月/ 基隆市 ,6,6,機車竊盜
108年 7月/ 新竹市 ,18,15,機車竊盜
108年 7月/ 嘉義市 ,0,3,機車竊盜
108年 7月/ 金門縣 ,0,3,機車竊盜
108年 7月/ 連江縣 ,1,1,機車竊盜
108年 8月/ 新北市 ,131,149,機車竊盜
108年 8月/ 臺北市 ,51,57,機車竊盜
108年 8月/ 桃園市 ,101,106,機車竊盜
108年 8月/ 臺中市 ,51,62,機車竊盜
108年 8月/ 臺南市 ,24,23,機車竊盜
108年 8月/ 高雄市 ,62,66,機車竊盜
108年 8月/ 宜蘭縣 ,14,15,機車竊盜
108年 8月/ 新竹縣 ,38,25,機車竊盜
108年 8月/ 苗栗縣 ,6,8,機車竊盜
108年 8月/ 彰化縣 ,5,11,機車竊盜
108年 8月/ 南投縣 ,5,7,機車竊盜
108年 8月/ 雲林縣 ,7,8,機車竊盜
108年 8月/ 嘉義縣 ,5,4,機車竊盜
108年 8月/ 屏東縣 ,17,23,機車竊盜
108年 8月/ 臺東縣 ,2,5,機車竊盜
108年 8月/ 花蓮縣 ,7,12,機車竊盜
108年 8月/ 澎湖縣 ,1,2,機車竊盜
108年 8月/ 基隆市 ,5,3,機車竊盜
108年 8月/ 新竹市 ,28,20,機車竊盜
108年 8月/ 嘉義市 ,1,1,機車竊盜
108年 8月/ 金門縣 ,0,0,機車竊盜
108年 8月/ 連江縣 ,0,0,機車竊盜
108年 9月/ 新北市 ,92,114,機車竊盜
108年 9月/ 臺北市 ,24,36,機車竊盜
108年 9月/ 桃園市 ,80,80,機車竊盜
108年 9月/ 臺中市 ,44,51,機車竊盜
108年 9月/ 臺南市 ,24,18,機車竊盜
108年 9月/ 高雄市 ,38,48,機車竊盜
108年 9月/ 宜蘭縣 ,10,9,機車竊盜
108年 9月/ 新竹縣 ,32,28,機車竊盜
108年 9月/ 苗栗縣 ,1,5,機車竊盜
108年 9月/ 彰化縣 ,16,20,機車竊盜
108年 9月/ 南投縣 ,11,7,機車竊盜
108年 9月/ 雲林縣 ,4,7,機車竊盜
108年 9月/ 嘉義縣 ,7,5,機車竊盜
108年 9月/ 屏東縣 ,18,18,機車竊盜
108年 9月/ 臺東縣 ,4,2,機車竊盜
108年 9月/ 花蓮縣 ,4,2,機車竊盜
108年 9月/ 澎湖縣 ,0,0,機車竊盜
108年 9月/ 基隆市 ,7,6,機車竊盜
108年 9月/ 新竹市 ,23,27,機車竊盜
108年 9月/ 嘉義市 ,1,1,機車竊盜
108年 9月/ 金門縣 ,0,0,機車竊盜
108年 9月/ 連江縣 ,0,0,機車竊盜
108年 10月/ 新北市 ,107,135,機車竊盜
108年 10月/ 臺北市 ,34,50,機車竊盜
108年 10月/ 桃園市 ,132,134,機車竊盜
108年 10月/ 臺中市 ,47,43,機車竊盜
108年 10月/ 臺南市 ,29,25,機車竊盜
108年 10月/ 高雄市 ,22,33,機車竊盜
108年 10月/ 宜蘭縣 ,10,5,機車竊盜
108年 10月/ 新竹縣 ,24,29,機車竊盜
108年 10月/ 苗栗縣 ,15,10,機車竊盜
108年 10月/ 彰化縣 ,9,10,機車竊盜
108年 10月/ 南投縣 ,8,13,機車竊盜
108年 10月/ 雲林縣 ,5,9,機車竊盜
108年 10月/ 嘉義縣 ,6,6,機車竊盜
108年 10月/ 屏東縣 ,22,19,機車竊盜
108年 10月/ 臺東縣 ,6,8,機車竊盜
108年 10月/ 花蓮縣 ,4,6,機車竊盜
108年 10月/ 澎湖縣 ,0,0,機車竊盜
108年 10月/ 基隆市 ,6,3,機車竊盜
108年 10月/ 新竹市 ,25,25,機車竊盜
108年 10月/ 嘉義市 ,0,1,機車竊盜
108年 10月/ 金門縣 ,0,0,機車竊盜
108年 10月/ 連江縣 ,0,0,機車竊盜
108年 11月/ 新北市 ,112,130,機車竊盜
108年 11月/ 臺北市 ,25,36,機車竊盜
108年 11月/ 桃園市 ,106,90,機車竊盜
108年 11月/ 臺中市 ,29,45,機車竊盜
108年 11月/ 臺南市 ,32,37,機車竊盜
108年 11月/ 高雄市 ,49,47,機車竊盜
108年 11月/ 宜蘭縣 ,11,11,機車竊盜
108年 11月/ 新竹縣 ,32,23,機車竊盜
108年 11月/ 苗栗縣 ,8,12,機車竊盜
108年 11月/ 彰化縣 ,10,13,機車竊盜
108年 11月/ 南投縣 ,13,11,機車竊盜
108年 11月/ 雲林縣 ,12,8,機車竊盜
108年 11月/ 嘉義縣 ,2,5,機車竊盜
108年 11月/ 屏東縣 ,11,11,機車竊盜
108年 11月/ 臺東縣 ,8,9,機車竊盜
108年 11月/ 花蓮縣 ,7,6,機車竊盜
108年 11月/ 澎湖縣 ,1,0,機車竊盜
108年 11月/ 基隆市 ,3,4,機車竊盜
108年 11月/ 新竹市 ,19,25,機車竊盜
108年 11月/ 嘉義市 ,2,5,機車竊盜
108年 11月/ 金門縣 ,0,0,機車竊盜
108年 11月/ 連江縣 ,0,0,機車竊盜
108年 12月/ 新北市 ,120,140,機車竊盜
108年 12月/ 臺北市 ,29,32,機車竊盜
108年 12月/ 桃園市 ,123,89,機車竊盜
108年 12月/ 臺中市 ,31,27,機車竊盜
108年 12月/ 臺南市 ,41,31,機車竊盜
108年 12月/ 高雄市 ,38,52,機車竊盜
108年 12月/ 宜蘭縣 ,7,6,機車竊盜
108年 12月/ 新竹縣 ,35,22,機車竊盜
108年 12月/ 苗栗縣 ,8,7,機車竊盜
108年 12月/ 彰化縣 ,10,12,機車竊盜
108年 12月/ 南投縣 ,6,6,機車竊盜
108年 12月/ 雲林縣 ,10,15,機車竊盜
108年 12月/ 嘉義縣 ,3,3,機車竊盜
108年 12月/ 屏東縣 ,13,15,機車竊盜
108年 12月/ 臺東縣 ,1,2,機車竊盜
108年 12月/ 花蓮縣 ,7,5,機車竊盜
108年 12月/ 澎湖縣 ,0,0,機車竊盜
108年 12月/ 基隆市 ,3,4,機車竊盜
108年 12月/ 新竹市 ,26,25,機車竊盜
108年 12月/ 嘉義市 ,2,0,機車竊盜
108年 12月/ 金門縣 ,1,0,機車竊盜
108年 12月/ 連江縣 ,0,0,機車竊盜
109年 1月/ 新北市 ,87,94,機車竊盜
109年 1月/ 臺北市 ,36,29,機車竊盜
109年 1月/ 桃園市 ,85,101,機車竊盜
109年 1月/ 臺中市 ,45,45,機車竊盜
109年 1月/ 臺南市 ,23,21,機車竊盜
109年 1月/ 高雄市 ,39,36,機車竊盜
109年 1月/ 宜蘭縣 ,7,6,機車竊盜
109年 1月/ 新竹縣 ,22,22,機車竊盜
109年 1月/ 苗栗縣 ,16,11,機車竊盜
109年 1月/ 彰化縣 ,7,7,機車竊盜
109年 1月/ 南投縣 ,7,6,機車竊盜
109年 1月/ 雲林縣 ,9,6,機車竊盜
109年 1月/ 嘉義縣 ,3,1,機車竊盜
109年 1月/ 屏東縣 ,18,15,機車竊盜
109年 1月/ 臺東縣 ,4,4,機車竊盜
109年 1月/ 花蓮縣 ,5,7,機車竊盜
109年 1月/ 澎湖縣 ,1,1,機車竊盜
109年 1月/ 基隆市 ,4,2,機車竊盜
109年 1月/ 新竹市 ,15,20,機車竊盜
109年 1月/ 嘉義市 ,4,2,機車竊盜
109年 1月/ 金門縣 ,1,2,機車竊盜
109年 1月/ 連江縣 ,0,0,機車竊盜
109年 2月/ 新北市 ,91,121,機車竊盜
109年 2月/ 臺北市 ,36,43,機車竊盜
109年 2月/ 桃園市 ,96,195,機車竊盜
109年 2月/ 臺中市 ,21,34,機車竊盜
109年 2月/ 臺南市 ,23,22,機車竊盜
109年 2月/ 高雄市 ,41,54,機車竊盜
109年 2月/ 宜蘭縣 ,7,12,機車竊盜
109年 2月/ 新竹縣 ,24,13,機車竊盜
109年 2月/ 苗栗縣 ,7,14,機車竊盜
109年 2月/ 彰化縣 ,5,5,機車竊盜
109年 2月/ 南投縣 ,8,10,機車竊盜
109年 2月/ 雲林縣 ,7,10,機車竊盜
109年 2月/ 嘉義縣 ,8,6,機車竊盜
109年 2月/ 屏東縣 ,17,19,機車竊盜
109年 2月/ 臺東縣 ,4,3,機車竊盜
109年 2月/ 花蓮縣 ,4,2,機車竊盜
109年 2月/ 澎湖縣 ,0,0,機車竊盜
109年 2月/ 基隆市 ,6,9,機車竊盜
109年 2月/ 新竹市 ,18,24,機車竊盜
109年 2月/ 嘉義市 ,0,0,機車竊盜
109年 2月/ 金門縣 ,0,0,機車竊盜
109年 2月/ 連江縣 ,0,0,機車竊盜
109年 3月/ 新北市 ,87,121,機車竊盜
109年 3月/ 臺北市 ,30,36,機車竊盜
109年 3月/ 桃園市 ,86,127,機車竊盜
109年 3月/ 臺中市 ,40,44,機車竊盜
109年 3月/ 臺南市 ,32,36,機車竊盜
109年 3月/ 高雄市 ,52,58,機車竊盜
109年 3月/ 宜蘭縣 ,12,11,機車竊盜
109年 3月/ 新竹縣 ,12,16,機車竊盜
109年 3月/ 苗栗縣 ,10,12,機車竊盜
109年 3月/ 彰化縣 ,17,19,機車竊盜
109年 3月/ 南投縣 ,11,7,機車竊盜
109年 3月/ 雲林縣 ,17,20,機車竊盜
109年 3月/ 嘉義縣 ,2,6,機車竊盜
109年 3月/ 屏東縣 ,9,6,機車竊盜
109年 3月/ 臺東縣 ,2,3,機車竊盜
109年 3月/ 花蓮縣 ,4,8,機車竊盜
109年 3月/ 澎湖縣 ,1,2,機車竊盜
109年 3月/ 基隆市 ,5,5,機車竊盜
109年 3月/ 新竹市 ,13,15,機車竊盜
109年 3月/ 嘉義市 ,6,4,機車竊盜
109年 3月/ 金門縣 ,0,0,機車竊盜
109年 3月/ 連江縣 ,0,0,機車竊盜
109年 4月/ 新北市 ,93,105,機車竊盜
109年 4月/ 臺北市 ,19,29,機車竊盜
109年 4月/ 桃園市 ,95,121,機車竊盜
109年 4月/ 臺中市 ,40,47,機車竊盜
109年 4月/ 臺南市 ,19,19,機車竊盜
109年 4月/ 高雄市 ,53,46,機車竊盜
109年 4月/ 宜蘭縣 ,7,6,機車竊盜
109年 4月/ 新竹縣 ,19,20,機車竊盜
109年 4月/ 苗栗縣 ,13,18,機車竊盜
109年 4月/ 彰化縣 ,21,24,機車竊盜
109年 4月/ 南投縣 ,10,13,機車竊盜
109年 4月/ 雲林縣 ,6,5,機車竊盜
109年 4月/ 嘉義縣 ,2,2,機車竊盜
109年 4月/ 屏東縣 ,4,5,機車竊盜
109年 4月/ 臺東縣 ,0,0,機車竊盜
109年 4月/ 花蓮縣 ,7,6,機車竊盜
109年 4月/ 澎湖縣 ,0,0,機車竊盜
109年 4月/ 基隆市 ,3,4,機車竊盜
109年 4月/ 新竹市 ,14,19,機車竊盜
109年 4月/ 嘉義市 ,3,8,機車竊盜
109年 4月/ 金門縣 ,1,1,機車竊盜
109年 4月/ 連江縣 ,0,0,機車竊盜
109年 5月/ 新北市 ,77,99,機車竊盜
109年 5月/ 臺北市 ,27,40,機車竊盜
109年 5月/ 桃園市 ,60,86,機車竊盜
109年 5月/ 臺中市 ,31,38,機車竊盜
109年 5月/ 臺南市 ,22,23,機車竊盜
109年 5月/ 高雄市 ,30,37,機車竊盜
109年 5月/ 宜蘭縣 ,7,5,機車竊盜
109年 5月/ 新竹縣 ,17,15,機車竊盜
109年 5月/ 苗栗縣 ,7,7,機車竊盜
109年 5月/ 彰化縣 ,7,9,機車竊盜
109年 5月/ 南投縣 ,7,8,機車竊盜
109年 5月/ 雲林縣 ,9,13,機車竊盜
109年 5月/ 嘉義縣 ,4,4,機車竊盜
109年 5月/ 屏東縣 ,10,6,機車竊盜
109年 5月/ 臺東縣 ,2,3,機車竊盜
109年 5月/ 花蓮縣 ,0,2,機車竊盜
109年 5月/ 澎湖縣 ,1,1,機車竊盜
109年 5月/ 基隆市 ,2,1,機車竊盜
109年 5月/ 新竹市 ,24,23,機車竊盜
109年 5月/ 嘉義市 ,3,1,機車竊盜
109年 5月/ 金門縣 ,0,0,機車竊盜
109年 5月/ 連江縣 ,0,0,機車竊盜
109年 6月/ 新北市 ,93,98,機車竊盜
109年 6月/ 臺北市 ,26,24,機車竊盜
109年 6月/ 桃園市 ,58,67,機車竊盜
109年 6月/ 臺中市 ,46,48,機車竊盜
109年 6月/ 臺南市 ,14,11,機車竊盜
109年 6月/ 高雄市 ,42,47,機車竊盜
109年 6月/ 宜蘭縣 ,5,6,機車竊盜
109年 6月/ 新竹縣 ,8,9,機車竊盜
109年 6月/ 苗栗縣 ,4,9,機車竊盜
109年 6月/ 彰化縣 ,13,14,機車竊盜
109年 6月/ 南投縣 ,6,5,機車竊盜
109年 6月/ 雲林縣 ,6,5,機車竊盜
109年 6月/ 嘉義縣 ,5,5,機車竊盜
109年 6月/ 屏東縣 ,7,7,機車竊盜
109年 6月/ 臺東縣 ,4,4,機車竊盜
109年 6月/ 花蓮縣 ,5,5,機車竊盜
109年 6月/ 澎湖縣 ,0,0,機車竊盜
109年 6月/ 基隆市 ,5,7,機車竊盜
109年 6月/ 新竹市 ,15,13,機車竊盜
109年 6月/ 嘉義市 ,3,4,機車竊盜
109年 6月/ 金門縣 ,0,0,機車竊盜
109年 6月/ 連江縣 ,0,0,機車竊盜
109年 7月/ 新北市 ,73,92,機車竊盜
109年 7月/ 臺北市 ,18,22,機車竊盜
109年 7月/ 桃園市 ,66,77,機車竊盜
109年 7月/ 臺中市 ,33,35,機車竊盜
109年 7月/ 臺南市 ,17,16,機車竊盜
109年 7月/ 高雄市 ,38,48,機車竊盜
109年 7月/ 宜蘭縣 ,8,9,機車竊盜
109年 7月/ 新竹縣 ,22,20,機車竊盜
109年 7月/ 苗栗縣 ,12,9,機車竊盜
109年 7月/ 彰化縣 ,14,18,機車竊盜
109年 7月/ 南投縣 ,8,9,機車竊盜
109年 7月/ 雲林縣 ,6,7,機車竊盜
109年 7月/ 嘉義縣 ,5,5,機車竊盜
109年 7月/ 屏東縣 ,3,4,機車竊盜
109年 7月/ 臺東縣 ,0,1,機車竊盜
109年 7月/ 花蓮縣 ,5,4,機車竊盜
109年 7月/ 澎湖縣 ,0,0,機車竊盜
109年 7月/ 基隆市 ,5,6,機車竊盜
109年 7月/ 新竹市 ,15,14,機車竊盜
109年 7月/ 嘉義市 ,5,5,機車竊盜
109年 7月/ 金門縣 ,0,0,機車竊盜
109年 7月/ 連江縣 ,0,0,機車竊盜
109年 8月/ 新北市 ,82,114,機車竊盜
109年 8月/ 臺北市 ,26,22,機車竊盜
109年 8月/ 桃園市 ,65,71,機車竊盜
109年 8月/ 臺中市 ,35,43,機車竊盜
109年 8月/ 臺南市 ,22,23,機車竊盜
109年 8月/ 高雄市 ,30,46,機車竊盜
109年 8月/ 宜蘭縣 ,9,5,機車竊盜
109年 8月/ 新竹縣 ,16,22,機車竊盜
109年 8月/ 苗栗縣 ,8,14,機車竊盜
109年 8月/ 彰化縣 ,13,9,機車竊盜
109年 8月/ 南投縣 ,4,5,機車竊盜
109年 8月/ 雲林縣 ,9,8,機車竊盜
109年 8月/ 嘉義縣 ,7,7,機車竊盜
109年 8月/ 屏東縣 ,11,8,機車竊盜
109年 8月/ 臺東縣 ,7,4,機車竊盜
109年 8月/ 花蓮縣 ,6,7,機車竊盜
109年 8月/ 澎湖縣 ,1,1,機車竊盜
109年 8月/ 基隆市 ,4,4,機車竊盜
109年 8月/ 新竹市 ,12,11,機車竊盜
109年 8月/ 嘉義市 ,4,0,機車竊盜
109年 8月/ 金門縣 ,1,1,機車竊盜
109年 8月/ 連江縣 ,0,0,機車竊盜
109年 9月/ 新北市 ,67,102,機車竊盜
109年 9月/ 臺北市 ,23,24,機車竊盜
109年 9月/ 桃園市 ,53,61,機車竊盜
109年 9月/ 臺中市 ,36,35,機車竊盜
109年 9月/ 臺南市 ,20,20,機車竊盜
109年 9月/ 高雄市 ,37,34,機車竊盜
109年 9月/ 宜蘭縣 ,8,9,機車竊盜
109年 9月/ 新竹縣 ,11,13,機車竊盜
109年 9月/ 苗栗縣 ,3,8,機車竊盜
109年 9月/ 彰化縣 ,13,17,機車竊盜
109年 9月/ 南投縣 ,6,7,機車竊盜
109年 9月/ 雲林縣 ,8,8,機車竊盜
109年 9月/ 嘉義縣 ,4,3,機車竊盜
109年 9月/ 屏東縣 ,0,5,機車竊盜
109年 9月/ 臺東縣 ,1,4,機車竊盜
109年 9月/ 花蓮縣 ,0,1,機車竊盜
109年 9月/ 澎湖縣 ,2,3,機車竊盜
109年 9月/ 基隆市 ,3,2,機車竊盜
109年 9月/ 新竹市 ,5,14,機車竊盜
109年 9月/ 嘉義市 ,1,3,機車竊盜
109年 9月/ 金門縣 ,1,0,機車竊盜
109年 9月/ 連江縣 ,0,0,機車竊盜
109年 10月/ 新北市 ,61,105,機車竊盜
109年 10月/ 臺北市 ,23,29,機車竊盜
109年 10月/ 桃園市 ,73,85,機車竊盜
109年 10月/ 臺中市 ,33,37,機車竊盜
109年 10月/ 臺南市 ,27,26,機車竊盜
109年 10月/ 高雄市 ,30,35,機車竊盜
109年 10月/ 宜蘭縣 ,12,8,機車竊盜
109年 10月/ 新竹縣 ,15,13,機車竊盜
109年 10月/ 苗栗縣 ,5,5,機車竊盜
109年 10月/ 彰化縣 ,9,10,機車竊盜
109年 10月/ 南投縣 ,8,9,機車竊盜
109年 10月/ 雲林縣 ,3,5,機車竊盜
109年 10月/ 嘉義縣 ,10,11,機車竊盜
109年 10月/ 屏東縣 ,7,6,機車竊盜
109年 10月/ 臺東縣 ,9,10,機車竊盜
109年 10月/ 花蓮縣 ,2,2,機車竊盜
109年 10月/ 澎湖縣 ,0,1,機車竊盜
109年 10月/ 基隆市 ,2,2,機車竊盜
109年 10月/ 新竹市 ,12,14,機車竊盜
109年 10月/ 嘉義市 ,3,5,機車竊盜
109年 10月/ 金門縣 ,0,0,機車竊盜
109年 10月/ 連江縣 ,0,0,機車竊盜
109年 11月/ 新北市 ,71,87,機車竊盜
109年 11月/ 臺北市 ,13,18,機車竊盜
109年 11月/ 桃園市 ,79,91,機車竊盜
109年 11月/ 臺中市 ,32,32,機車竊盜
109年 11月/ 臺南市 ,29,25,機車竊盜
109年 11月/ 高雄市 ,30,30,機車竊盜
109年 11月/ 宜蘭縣 ,14,13,機車竊盜
109年 11月/ 新竹縣 ,18,10,機車竊盜
109年 11月/ 苗栗縣 ,5,8,機車竊盜
109年 11月/ 彰化縣 ,9,8,機車竊盜
109年 11月/ 南投縣 ,3,1,機車竊盜
109年 11月/ 雲林縣 ,6,6,機車竊盜
109年 11月/ 嘉義縣 ,3,4,機車竊盜
109年 11月/ 屏東縣 ,10,6,機車竊盜
109年 11月/ 臺東縣 ,3,1,機車竊盜
109年 11月/ 花蓮縣 ,6,2,機車竊盜
109年 11月/ 澎湖縣 ,0,0,機車竊盜
109年 11月/ 基隆市 ,6,3,機車竊盜
109年 11月/ 新竹市 ,12,16,機車竊盜
109年 11月/ 嘉義市 ,3,1,機車竊盜
109年 11月/ 金門縣 ,0,0,機車竊盜
109年 11月/ 連江縣 ,4,4,機車竊盜
109年 12月/ 新北市 ,60,63,機車竊盜
109年 12月/ 臺北市 ,27,27,機車竊盜
109年 12月/ 桃園市 ,51,53,機車竊盜
109年 12月/ 臺中市 ,37,44,機車竊盜
109年 12月/ 臺南市 ,15,15,機車竊盜
109年 12月/ 高雄市 ,34,33,機車竊盜
109年 12月/ 宜蘭縣 ,8,7,機車竊盜
109年 12月/ 新竹縣 ,13,12,機車竊盜
109年 12月/ 苗栗縣 ,3,3,機車竊盜
109年 12月/ 彰化縣 ,15,12,機車竊盜
109年 12月/ 南投縣 ,6,1,機車竊盜
109年 12月/ 雲林縣 ,3,5,機車竊盜
109年 12月/ 嘉義縣 ,7,5,機車竊盜
109年 12月/ 屏東縣 ,13,9,機車竊盜
109年 12月/ 臺東縣 ,6,4,機車竊盜
109年 12月/ 花蓮縣 ,4,5,機車竊盜
109年 12月/ 澎湖縣 ,2,2,機車竊盜
109年 12月/ 基隆市 ,4,5,機車竊盜
109年 12月/ 新竹市 ,8,6,機車竊盜
109年 12月/ 嘉義市 ,2,2,機車竊盜
109年 12月/ 金門縣 ,1,0,機車竊盜
109年 12月/ 連江縣 ,0,0,機車竊盜
110年 1月/ 新北市 ,86,97,機車竊盜
110年 1月/ 臺北市 ,25,33,機車竊盜
110年 1月/ 桃園市 ,34,44,機車竊盜
110年 1月/ 臺中市 ,38,42,機車竊盜
110年 1月/ 臺南市 ,17,14,機車竊盜
110年 1月/ 高雄市 ,34,32,機車竊盜
110年 1月/ 宜蘭縣 ,8,5,機車竊盜
110年 1月/ 新竹縣 ,14,13,機車竊盜
110年 1月/ 苗栗縣 ,12,7,機車竊盜
110年 1月/ 彰化縣 ,9,9,機車竊盜
110年 1月/ 南投縣 ,5,5,機車竊盜
110年 1月/ 雲林縣 ,7,4,機車竊盜
110年 1月/ 嘉義縣 ,7,8,機車竊盜
110年 1月/ 屏東縣 ,9,13,機車竊盜
110年 1月/ 臺東縣 ,1,2,機車竊盜
110年 1月/ 花蓮縣 ,5,8,機車竊盜
110年 1月/ 澎湖縣 ,0,0,機車竊盜
110年 1月/ 基隆市 ,3,4,機車竊盜
110年 1月/ 新竹市 ,15,19,機車竊盜
110年 1月/ 嘉義市 ,1,2,機車竊盜
110年 1月/ 金門縣 ,0,0,機車竊盜
110年 1月/ 連江縣 ,0,0,機車竊盜
110年 2月/ 新北市 ,61,64,機車竊盜
110年 2月/ 臺北市 ,30,36,機車竊盜
110年 2月/ 桃園市 ,65,71,機車竊盜
110年 2月/ 臺中市 ,26,38,機車竊盜
110年 2月/ 臺南市 ,20,17,機車竊盜
110年 2月/ 高雄市 ,41,46,機車竊盜
110年 2月/ 宜蘭縣 ,7,7,機車竊盜
110年 2月/ 新竹縣 ,21,20,機車竊盜
110年 2月/ 苗栗縣 ,8,8,機車竊盜
110年 2月/ 彰化縣 ,11,10,機車竊盜
110年 2月/ 南投縣 ,14,11,機車竊盜
110年 2月/ 雲林縣 ,4,4,機車竊盜
110年 2月/ 嘉義縣 ,2,3,機車竊盜
110年 2月/ 屏東縣 ,7,6,機車竊盜
110年 2月/ 臺東縣 ,1,1,機車竊盜
110年 2月/ 花蓮縣 ,5,4,機車竊盜
110年 2月/ 澎湖縣 ,0,0,機車竊盜
110年 2月/ 基隆市 ,10,7,機車竊盜
110年 2月/ 新竹市 ,14,16,機車竊盜
110年 2月/ 嘉義市 ,0,0,機車竊盜
110年 2月/ 金門縣 ,0,0,機車竊盜
110年 2月/ 連江縣 ,0,0,機車竊盜
110年 3月/ 新北市 ,63,70,機車竊盜
110年 3月/ 臺北市 ,31,39,機車竊盜
110年 3月/ 桃園市 ,46,68,機車竊盜
110年 3月/ 臺中市 ,34,42,機車竊盜
110年 3月/ 臺南市 ,34,33,機車竊盜
110年 3月/ 高雄市 ,34,46,機車竊盜
110年 3月/ 宜蘭縣 ,6,6,機車竊盜
110年 3月/ 新竹縣 ,10,12,機車竊盜
110年 3月/ 苗栗縣 ,6,8,機車竊盜
110年 3月/ 彰化縣 ,5,9,機車竊盜
110年 3月/ 南投縣 ,13,10,機車竊盜
110年 3月/ 雲林縣 ,15,16,機車竊盜
110年 3月/ 嘉義縣 ,4,5,機車竊盜
110年 3月/ 屏東縣 ,10,9,機車竊盜
110年 3月/ 臺東縣 ,2,3,機車竊盜
110年 3月/ 花蓮縣 ,6,4,機車竊盜
110年 3月/ 澎湖縣 ,2,2,機車竊盜
110年 3月/ 基隆市 ,13,12,機車竊盜
110年 3月/ 新竹市 ,11,18,機車竊盜
110年 3月/ 嘉義市 ,4,5,機車竊盜
110年 3月/ 金門縣 ,0,0,機車竊盜
110年 3月/ 連江縣 ,0,0,機車竊盜
110年 4月/ 新北市 ,61,77,機車竊盜
110年 4月/ 臺北市 ,35,28,機車竊盜
110年 4月/ 桃園市 ,37,40,機車竊盜
110年 4月/ 臺中市 ,34,36,機車竊盜
110年 4月/ 臺南市 ,24,25,機車竊盜
110年 4月/ 高雄市 ,41,45,機車竊盜
110年 4月/ 宜蘭縣 ,10,12,機車竊盜
110年 4月/ 新竹縣 ,14,25,機車竊盜
110年 4月/ 苗栗縣 ,6,9,機車竊盜
110年 4月/ 彰化縣 ,10,11,機車竊盜
110年 4月/ 南投縣 ,12,11,機車竊盜
110年 4月/ 雲林縣 ,5,4,機車竊盜
110年 4月/ 嘉義縣 ,2,4,機車竊盜
110年 4月/ 屏東縣 ,11,13,機車竊盜
110年 4月/ 臺東縣 ,4,2,機車竊盜
110年 4月/ 花蓮縣 ,3,2,機車竊盜
110年 4月/ 澎湖縣 ,1,1,機車竊盜
110年 4月/ 基隆市 ,8,5,機車竊盜
110年 4月/ 新竹市 ,21,15,機車竊盜
110年 4月/ 嘉義市 ,4,2,機車竊盜
110年 4月/ 金門縣 ,1,0,機車竊盜
110年 4月/ 連江縣 ,0,0,機車竊盜
110年 5月/ 新北市 ,87,82,機車竊盜
110年 5月/ 臺北市 ,34,31,機車竊盜
110年 5月/ 桃園市 ,52,57,機車竊盜
110年 5月/ 臺中市 ,37,37,機車竊盜
110年 5月/ 臺南市 ,20,15,機車竊盜
110年 5月/ 高雄市 ,26,29,機車竊盜
110年 5月/ 宜蘭縣 ,10,9,機車竊盜
110年 5月/ 新竹縣 ,17,13,機車竊盜
110年 5月/ 苗栗縣 ,5,4,機車竊盜
110年 5月/ 彰化縣 ,11,9,機車竊盜
110年 5月/ 南投縣 ,8,7,機車竊盜
110年 5月/ 雲林縣 ,9,8,機車竊盜
110年 5月/ 嘉義縣 ,4,5,機車竊盜
110年 5月/ 屏東縣 ,20,18,機車竊盜
110年 5月/ 臺東縣 ,6,7,機車竊盜
110年 5月/ 花蓮縣 ,8,7,機車竊盜
110年 5月/ 澎湖縣 ,0,0,機車竊盜
110年 5月/ 基隆市 ,7,5,機車竊盜
110年 5月/ 新竹市 ,11,6,機車竊盜
110年 5月/ 嘉義市 ,1,2,機車竊盜
110年 5月/ 金門縣 ,4,3,機車竊盜
110年 5月/ 連江縣 ,0,0,機車竊盜
110年 6月/ 新北市 ,76,83,機車竊盜
110年 6月/ 臺北市 ,24,22,機車竊盜
110年 6月/ 桃園市 ,43,47,機車竊盜
110年 6月/ 臺中市 ,34,29,機車竊盜
110年 6月/ 臺南市 ,19,14,機車竊盜
110年 6月/ 高雄市 ,34,36,機車竊盜
110年 6月/ 宜蘭縣 ,8,9,機車竊盜
110年 6月/ 新竹縣 ,9,8,機車竊盜
110年 6月/ 苗栗縣 ,10,8,機車竊盜
110年 6月/ 彰化縣 ,10,14,機車竊盜
110年 6月/ 南投縣 ,5,6,機車竊盜
110年 6月/ 雲林縣 ,9,8,機車竊盜
110年 6月/ 嘉義縣 ,5,6,機車竊盜
110年 6月/ 屏東縣 ,11,10,機車竊盜
110年 6月/ 臺東縣 ,3,1,機車竊盜
110年 6月/ 花蓮縣 ,16,13,機車竊盜
110年 6月/ 澎湖縣 ,0,0,機車竊盜
110年 6月/ 基隆市 ,9,10,機車竊盜
110年 6月/ 新竹市 ,23,25,機車竊盜
110年 6月/ 嘉義市 ,1,0,機車竊盜
110年 6月/ 金門縣 ,3,3,機車竊盜
110年 6月/ 連江縣 ,0,0,機車竊盜
110年 7月/ 新北市 ,70,74,機車竊盜
110年 7月/ 臺北市 ,13,16,機車竊盜
110年 7月/ 桃園市 ,44,46,機車竊盜
110年 7月/ 臺中市 ,26,38,機車竊盜
110年 7月/ 臺南市 ,20,13,機車竊盜
110年 7月/ 高雄市 ,40,43,機車竊盜
110年 7月/ 宜蘭縣 ,9,10,機車竊盜
110年 7月/ 新竹縣 ,12,20,機車竊盜
110年 7月/ 苗栗縣 ,4,5,機車竊盜
110年 7月/ 彰化縣 ,12,11,機車竊盜
110年 7月/ 南投縣 ,5,4,機車竊盜
110年 7月/ 雲林縣 ,7,5,機車竊盜
110年 7月/ 嘉義縣 ,3,2,機車竊盜
110年 7月/ 屏東縣 ,16,16,機車竊盜
110年 7月/ 臺東縣 ,6,9,機車竊盜
110年 7月/ 花蓮縣 ,8,6,機車竊盜
110年 7月/ 澎湖縣 ,1,1,機車竊盜
110年 7月/ 基隆市 ,7,6,機車竊盜
110年 7月/ 新竹市 ,13,14,機車竊盜
110年 7月/ 嘉義市 ,2,2,機車竊盜
110年 7月/ 金門縣 ,3,3,機車竊盜
110年 7月/ 連江縣 ,0,0,機車竊盜
110年 8月/ 新北市 ,79,89,機車竊盜
110年 8月/ 臺北市 ,36,32,機車竊盜
110年 8月/ 桃園市 ,45,64,機車竊盜
110年 8月/ 臺中市 ,18,25,機車竊盜
110年 8月/ 臺南市 ,27,20,機車竊盜
110年 8月/ 高雄市 ,54,57,機車竊盜
110年 8月/ 宜蘭縣 ,10,12,機車竊盜
110年 8月/ 新竹縣 ,17,25,機車竊盜
110年 8月/ 苗栗縣 ,6,5,機車竊盜
110年 8月/ 彰化縣 ,11,10,機車竊盜
110年 8月/ 南投縣 ,7,4,機車竊盜
110年 8月/ 雲林縣 ,12,12,機車竊盜
110年 8月/ 嘉義縣 ,7,4,機車竊盜
110年 8月/ 屏東縣 ,19,21,機車竊盜
110年 8月/ 臺東縣 ,6,4,機車竊盜
110年 8月/ 花蓮縣 ,10,8,機車竊盜
110年 8月/ 澎湖縣 ,0,0,機車竊盜
110年 8月/ 基隆市 ,5,5,機車竊盜
110年 8月/ 新竹市 ,12,18,機車竊盜
110年 8月/ 嘉義市 ,0,1,機車竊盜
110年 8月/ 金門縣 ,4,2,機車竊盜
110年 8月/ 連江縣 ,0,0,機車竊盜
110年 9月/ 新北市 ,72,81,機車竊盜
110年 9月/ 臺北市 ,20,25,機車竊盜
110年 9月/ 桃園市 ,45,64,機車竊盜
110年 9月/ 臺中市 ,49,52,機車竊盜
110年 9月/ 臺南市 ,11,13,機車竊盜
110年 9月/ 高雄市 ,47,43,機車竊盜
110年 9月/ 宜蘭縣 ,9,7,機車竊盜
110年 9月/ 新竹縣 ,20,9,機車竊盜
110年 9月/ 苗栗縣 ,8,10,機車竊盜
110年 9月/ 彰化縣 ,14,16,機車竊盜
110年 9月/ 南投縣 ,7,8,機車竊盜
110年 9月/ 雲林縣 ,21,19,機車竊盜
110年 9月/ 嘉義縣 ,11,8,機車竊盜
110年 9月/ 屏東縣 ,27,16,機車竊盜
110年 9月/ 臺東縣 ,5,3,機車竊盜
110年 9月/ 花蓮縣 ,7,9,機車竊盜
110年 9月/ 澎湖縣 ,0,0,機車竊盜
110年 9月/ 基隆市 ,8,6,機車竊盜
110年 9月/ 新竹市 ,7,8,機車竊盜
110年 9月/ 嘉義市 ,3,2,機車竊盜
110年 9月/ 金門縣 ,0,1,機車竊盜
110年 9月/ 連江縣 ,0,0,機車竊盜
110年 10月/ 新北市 ,65,69,機車竊盜
110年 10月/ 臺北市 ,13,20,機車竊盜
110年 10月/ 桃園市 ,61,58,機車竊盜
110年 10月/ 臺中市 ,52,45,機車竊盜
110年 10月/ 臺南市 ,16,21,機車竊盜
110年 10月/ 高雄市 ,33,42,機車竊盜
110年 10月/ 宜蘭縣 ,8,9,機車竊盜
110年 10月/ 新竹縣 ,11,12,機車竊盜
110年 10月/ 苗栗縣 ,19,13,機車竊盜
110年 10月/ 彰化縣 ,5,4,機車竊盜
110年 10月/ 南投縣 ,9,9,機車竊盜
110年 10月/ 雲林縣 ,4,6,機車竊盜
110年 10月/ 嘉義縣 ,5,9,機車竊盜
110年 10月/ 屏東縣 ,20,25,機車竊盜
110年 10月/ 臺東縣 ,2,2,機車竊盜
110年 10月/ 花蓮縣 ,3,3,機車竊盜
110年 10月/ 澎湖縣 ,2,2,機車竊盜
110年 10月/ 基隆市 ,6,12,機車竊盜
110年 10月/ 新竹市 ,15,10,機車竊盜
110年 10月/ 嘉義市 ,2,3,機車竊盜
110年 10月/ 金門縣 ,1,1,機車竊盜
110年 10月/ 連江縣 ,0,0,機車竊盜
110年 11月/ 新北市 ,54,62,機車竊盜
110年 11月/ 臺北市 ,14,17,機車竊盜
110年 11月/ 桃園市 ,46,56,機車竊盜
110年 11月/ 臺中市 ,41,45,機車竊盜
110年 11月/ 臺南市 ,16,20,機車竊盜
110年 11月/ 高雄市 ,38,35,機車竊盜
110年 11月/ 宜蘭縣 ,11,9,機車竊盜
110年 11月/ 新竹縣 ,23,15,機車竊盜
110年 11月/ 苗栗縣 ,8,8,機車竊盜
110年 11月/ 彰化縣 ,17,11,機車竊盜
110年 11月/ 南投縣 ,6,8,機車竊盜
110年 11月/ 雲林縣 ,4,6,機車竊盜
110年 11月/ 嘉義縣 ,1,1,機車竊盜
110年 11月/ 屏東縣 ,9,8,機車竊盜
110年 11月/ 臺東縣 ,4,3,機車竊盜
110年 11月/ 花蓮縣 ,10,6,機車竊盜
110年 11月/ 澎湖縣 ,1,1,機車竊盜
110年 11月/ 基隆市 ,1,3,機車竊盜
110年 11月/ 新竹市 ,11,12,機車竊盜
110年 11月/ 嘉義市 ,2,0,機車竊盜
110年 11月/ 金門縣 ,0,0,機車竊盜
110年 11月/ 連江縣 ,0,0,機車竊盜
110年 12月/ 新北市 ,51,48,機車竊盜
110年 12月/ 臺北市 ,16,43,機車竊盜
110年 12月/ 桃園市 ,40,37,機車竊盜
110年 12月/ 臺中市 ,68,53,機車竊盜
110年 12月/ 臺南市 ,14,16,機車竊盜
110年 12月/ 高雄市 ,24,26,機車竊盜
110年 12月/ 宜蘭縣 ,10,6,機車竊盜
110年 12月/ 新竹縣 ,11,12,機車竊盜
110年 12月/ 苗栗縣 ,6,6,機車竊盜
110年 12月/ 彰化縣 ,19,17,機車竊盜
110年 12月/ 南投縣 ,7,4,機車竊盜
110年 12月/ 雲林縣 ,4,2,機車竊盜
110年 12月/ 嘉義縣 ,4,3,機車竊盜
110年 12月/ 屏東縣 ,14,12,機車竊盜
110年 12月/ 臺東縣 ,1,2,機車竊盜
110年 12月/ 花蓮縣 ,3,4,機車竊盜
110年 12月/ 澎湖縣 ,0,0,機車竊盜
110年 12月/ 基隆市 ,9,4,機車竊盜
110年 12月/ 新竹市 ,9,5,機車竊盜
110年 12月/ 嘉義市 ,0,2,機車竊盜
110年 12月/ 金門縣 ,0,0,機車竊盜
110年 12月/ 連江縣 ,0,0,機車竊盜
111年 1月/ 新北市 ,64,63,機車竊盜
111年 1月/ 臺北市 ,4,15,機車竊盜
111年 1月/ 桃園市 ,29,44,機車竊盜
111年 1月/ 臺中市 ,48,57,機車竊盜
111年 1月/ 臺南市 ,15,15,機車竊盜
111年 1月/ 高雄市 ,31,36,機車竊盜
111年 1月/ 宜蘭縣 ,18,18,機車竊盜
111年 1月/ 新竹縣 ,5,9,機車竊盜
111年 1月/ 苗栗縣 ,7,10,機車竊盜
111年 1月/ 彰化縣 ,6,9,機車竊盜
111年 1月/ 南投縣 ,4,2,機車竊盜
111年 1月/ 雲林縣 ,8,5,機車竊盜
111年 1月/ 嘉義縣 ,3,2,機車竊盜
111年 1月/ 屏東縣 ,4,6,機車竊盜
111年 1月/ 臺東縣 ,5,5,機車竊盜
111年 1月/ 花蓮縣 ,8,5,機車竊盜
111年 1月/ 澎湖縣 ,0,0,機車竊盜
111年 1月/ 基隆市 ,7,10,機車竊盜
111年 1月/ 新竹市 ,3,1,機車竊盜
111年 1月/ 嘉義市 ,2,2,機車竊盜
111年 1月/ 金門縣 ,0,0,機車竊盜
111年 1月/ 連江縣 ,0,0,機車竊盜
111年 2月/ 新北市 ,53,64,機車竊盜
111年 2月/ 臺北市 ,16,15,機車竊盜
111年 2月/ 桃園市 ,37,49,機車竊盜
111年 2月/ 臺中市 ,37,45,機車竊盜
111年 2月/ 臺南市 ,31,27,機車竊盜
111年 2月/ 高雄市 ,19,32,機車竊盜
111年 2月/ 宜蘭縣 ,12,13,機車竊盜
111年 2月/ 新竹縣 ,4,5,機車竊盜
111年 2月/ 苗栗縣 ,12,8,機車竊盜
111年 2月/ 彰化縣 ,5,5,機車竊盜
111年 2月/ 南投縣 ,3,1,機車竊盜
111年 2月/ 雲林縣 ,7,10,機車竊盜
111年 2月/ 嘉義縣 ,2,2,機車竊盜
111年 2月/ 屏東縣 ,15,13,機車竊盜
111年 2月/ 臺東縣 ,2,3,機車竊盜
111年 2月/ 花蓮縣 ,5,4,機車竊盜
111年 2月/ 澎湖縣 ,1,0,機車竊盜
111年 2月/ 基隆市 ,4,2,機車竊盜
111年 2月/ 新竹市 ,10,9,機車竊盜
111年 2月/ 嘉義市 ,1,1,機車竊盜
111年 2月/ 金門縣 ,0,0,機車竊盜
111年 2月/ 連江縣 ,1,1,機車竊盜
111年 3月/ 新北市 ,45,54,機車竊盜
111年 3月/ 臺北市 ,20,29,機車竊盜
111年 3月/ 桃園市 ,41,47,機車竊盜
111年 3月/ 臺中市 ,28,32,機車竊盜
111年 3月/ 臺南市 ,19,24,機車竊盜
111年 3月/ 高雄市 ,19,22,機車竊盜
111年 3月/ 宜蘭縣 ,6,7,機車竊盜
111年 3月/ 新竹縣 ,12,13,機車竊盜
111年 3月/ 苗栗縣 ,4,4,機車竊盜
111年 3月/ 彰化縣 ,7,5,機車竊盜
111年 3月/ 南投縣 ,5,8,機車竊盜
111年 3月/ 雲林縣 ,10,10,機車竊盜
111年 3月/ 嘉義縣 ,3,3,機車竊盜
111年 3月/ 屏東縣 ,13,14,機車竊盜
111年 3月/ 臺東縣 ,7,7,機車竊盜
111年 3月/ 花蓮縣 ,10,9,機車竊盜
111年 3月/ 澎湖縣 ,1,1,機車竊盜
111年 3月/ 基隆市 ,5,3,機車竊盜
111年 3月/ 新竹市 ,5,5,機車竊盜
111年 3月/ 嘉義市 ,0,0,機車竊盜
111年 3月/ 金門縣 ,3,3,機車竊盜
111年 3月/ 連江縣 ,0,0,機車竊盜
111年 4月/ 新北市 ,67,83,機車竊盜
111年 4月/ 臺北市 ,34,39,機車竊盜
111年 4月/ 桃園市 ,28,33,機車竊盜
111年 4月/ 臺中市 ,34,38,機車竊盜
111年 4月/ 臺南市 ,17,16,機車竊盜
111年 4月/ 高雄市 ,30,33,機車竊盜
111年 4月/ 宜蘭縣 ,7,5,機車竊盜
111年 4月/ 新竹縣 ,6,10,機車竊盜
111年 4月/ 苗栗縣 ,6,5,機車竊盜
111年 4月/ 彰化縣 ,15,17,機車竊盜
111年 4月/ 南投縣 ,6,5,機車竊盜
111年 4月/ 雲林縣 ,8,6,機車竊盜
111年 4月/ 嘉義縣 ,4,5,機車竊盜
111年 4月/ 屏東縣 ,9,7,機車竊盜
111年 4月/ 臺東縣 ,5,6,機車竊盜
111年 4月/ 花蓮縣 ,9,7,機車竊盜
111年 4月/ 澎湖縣 ,2,2,機車竊盜
111年 4月/ 基隆市 ,6,5,機車竊盜
111年 4月/ 新竹市 ,11,10,機車竊盜
111年 4月/ 嘉義市 ,3,4,機車竊盜
111年 4月/ 金門縣 ,2,2,機車竊盜
111年 4月/ 連江縣 ,0,0,機車竊盜
111年 5月/ 新北市 ,50,57,機車竊盜
111年 5月/ 臺北市 ,29,29,機車竊盜
111年 5月/ 桃園市 ,47,40,機車竊盜
111年 5月/ 臺中市 ,45,51,機車竊盜
111年 5月/ 臺南市 ,14,17,機車竊盜
111年 5月/ 高雄市 ,32,32,機車竊盜
111年 5月/ 宜蘭縣 ,15,15,機車竊盜
111年 5月/ 新竹縣 ,16,12,機車竊盜
111年 5月/ 苗栗縣 ,5,4,機車竊盜
111年 5月/ 彰化縣 ,17,17,機車竊盜
111年 5月/ 南投縣 ,9,5,機車竊盜
111年 5月/ 雲林縣 ,6,7,機車竊盜
111年 5月/ 嘉義縣 ,1,1,機車竊盜
111年 5月/ 屏東縣 ,12,12,機車竊盜
111年 5月/ 臺東縣 ,6,8,機車竊盜
111年 5月/ 花蓮縣 ,9,9,機車竊盜
111年 5月/ 澎湖縣 ,1,1,機車竊盜
111年 5月/ 基隆市 ,2,1,機車竊盜
111年 5月/ 新竹市 ,11,7,機車竊盜
111年 5月/ 嘉義市 ,1,1,機車竊盜
111年 5月/ 金門縣 ,1,1,機車竊盜
111年 5月/ 連江縣 ,0,0,機車竊盜
111年 6月/ 新北市 ,81,75,機車竊盜
111年 6月/ 臺北市 ,34,34,機車竊盜
111年 6月/ 桃園市 ,52,57,機車竊盜
111年 6月/ 臺中市 ,38,40,機車竊盜
111年 6月/ 臺南市 ,10,12,機車竊盜
111年 6月/ 高雄市 ,36,32,機車竊盜
111年 6月/ 宜蘭縣 ,7,10,機車竊盜
111年 6月/ 新竹縣 ,20,17,機車竊盜
111年 6月/ 苗栗縣 ,5,6,機車竊盜
111年 6月/ 彰化縣 ,17,16,機車竊盜
111年 6月/ 南投縣 ,8,3,機車竊盜
111年 6月/ 雲林縣 ,14,14,機車竊盜
111年 6月/ 嘉義縣 ,2,0,機車竊盜
111年 6月/ 屏東縣 ,11,6,機車竊盜
111年 6月/ 臺東縣 ,5,4,機車竊盜
111年 6月/ 花蓮縣 ,10,8,機車竊盜
111年 6月/ 澎湖縣 ,2,2,機車竊盜
111年 6月/ 基隆市 ,15,13,機車竊盜
111年 6月/ 新竹市 ,10,11,機車竊盜
111年 6月/ 嘉義市 ,1,1,機車竊盜
111年 6月/ 金門縣 ,1,1,機車竊盜
111年 6月/ 連江縣 ,0,0,機車竊盜
111年 7月/ 新北市 ,69,81,機車竊盜
111年 7月/ 臺北市 ,31,32,機車竊盜
111年 7月/ 桃園市 ,66,77,機車竊盜
111年 7月/ 臺中市 ,34,31,機車竊盜
111年 7月/ 臺南市 ,15,15,機車竊盜
111年 7月/ 高雄市 ,33,35,機車竊盜
111年 7月/ 宜蘭縣 ,16,11,機車竊盜
111年 7月/ 新竹縣 ,15,10,機車竊盜
111年 7月/ 苗栗縣 ,5,7,機車竊盜
111年 7月/ 彰化縣 ,16,15,機車竊盜
111年 7月/ 南投縣 ,8,7,機車竊盜
111年 7月/ 雲林縣 ,13,12,機車竊盜
111年 7月/ 嘉義縣 ,7,5,機車竊盜
111年 7月/ 屏東縣 ,11,13,機車竊盜
111年 7月/ 臺東縣 ,2,1,機車竊盜
111年 7月/ 花蓮縣 ,4,3,機車竊盜
111年 7月/ 澎湖縣 ,1,0,機車竊盜
111年 7月/ 基隆市 ,12,5,機車竊盜
111年 7月/ 新竹市 ,6,7,機車竊盜
111年 7月/ 嘉義市 ,1,1,機車竊盜
111年 7月/ 金門縣 ,0,0,機車竊盜
111年 7月/ 連江縣 ,0,0,機車竊盜
111年 8月/ 新北市 ,76,87,機車竊盜
111年 8月/ 臺北市 ,24,25,機車竊盜
111年 8月/ 桃園市 ,64,63,機車竊盜
111年 8月/ 臺中市 ,27,34,機車竊盜
111年 8月/ 臺南市 ,16,14,機車竊盜
111年 8月/ 高雄市 ,52,53,機車竊盜
111年 8月/ 宜蘭縣 ,12,13,機車竊盜
111年 8月/ 新竹縣 ,14,16,機車竊盜
111年 8月/ 苗栗縣 ,13,11,機車竊盜
111年 8月/ 彰化縣 ,6,10,機車竊盜
111年 8月/ 南投縣 ,11,6,機車竊盜
111年 8月/ 雲林縣 ,7,6,機車竊盜
111年 8月/ 嘉義縣 ,5,5,機車竊盜
111年 8月/ 屏東縣 ,13,11,機車竊盜
111年 8月/ 臺東縣 ,13,6,機車竊盜
111年 8月/ 花蓮縣 ,22,16,機車竊盜
111年 8月/ 澎湖縣 ,0,1,機車竊盜
111年 8月/ 基隆市 ,14,18,機車竊盜
111年 8月/ 新竹市 ,19,10,機車竊盜
111年 8月/ 嘉義市 ,4,3,機車竊盜
111年 8月/ 金門縣 ,0,0,機車竊盜
111年 8月/ 連江縣 ,0,0,機車竊盜
111年 9月/ 新北市 ,55,61,機車竊盜
111年 9月/ 臺北市 ,20,20,機車竊盜
111年 9月/ 桃園市 ,40,40,機車竊盜
111年 9月/ 臺中市 ,32,36,機車竊盜
111年 9月/ 臺南市 ,14,11,機車竊盜
111年 9月/ 高雄市 ,33,29,機車竊盜
111年 9月/ 宜蘭縣 ,6,10,機車竊盜
111年 9月/ 新竹縣 ,9,6,機車竊盜
111年 9月/ 苗栗縣 ,11,10,機車竊盜
111年 9月/ 彰化縣 ,22,18,機車竊盜
111年 9月/ 南投縣 ,10,9,機車竊盜
111年 9月/ 雲林縣 ,7,7,機車竊盜
111年 9月/ 嘉義縣 ,5,4,機車竊盜
111年 9月/ 屏東縣 ,13,11,機車竊盜
111年 9月/ 臺東縣 ,9,10,機車竊盜
111年 9月/ 花蓮縣 ,11,10,機車竊盜
111年 9月/ 澎湖縣 ,0,0,機車竊盜
111年 9月/ 基隆市 ,5,4,機車竊盜
111年 9月/ 新竹市 ,10,14,機車竊盜
111年 9月/ 嘉義市 ,0,1,機車竊盜
111年 9月/ 金門縣 ,2,2,機車竊盜
111年 9月/ 連江縣 ,0,0,機車竊盜
111年 10月/ 新北市 ,56,53,機車竊盜
111年 10月/ 臺北市 ,17,14,機車竊盜
111年 10月/ 桃園市 ,49,54,機車竊盜
111年 10月/ 臺中市 ,57,52,機車竊盜
111年 10月/ 臺南市 ,21,17,機車竊盜
111年 10月/ 高雄市 ,53,56,機車竊盜
111年 10月/ 宜蘭縣 ,2,3,機車竊盜
111年 10月/ 新竹縣 ,24,14,機車竊盜
111年 10月/ 苗栗縣 ,10,11,機車竊盜
111年 10月/ 彰化縣 ,26,25,機車竊盜
111年 10月/ 南投縣 ,9,5,機車竊盜
111年 10月/ 雲林縣 ,10,7,機車竊盜
111年 10月/ 嘉義縣 ,5,8,機車竊盜
111年 10月/ 屏東縣 ,15,15,機車竊盜
111年 10月/ 臺東縣 ,4,8,機車竊盜
111年 10月/ 花蓮縣 ,9,9,機車竊盜
111年 10月/ 澎湖縣 ,1,1,機車竊盜
111年 10月/ 基隆市 ,2,3,機車竊盜
111年 10月/ 新竹市 ,9,7,機車竊盜
111年 10月/ 嘉義市 ,1,2,機車竊盜
111年 10月/ 金門縣 ,0,0,機車竊盜
111年 10月/ 連江縣 ,1,0,機車竊盜
111年 11月/ 新北市 ,69,68,機車竊盜
111年 11月/ 臺北市 ,17,33,機車竊盜
111年 11月/ 桃園市 ,61,56,機車竊盜
111年 11月/ 臺中市 ,38,43,機車竊盜
111年 11月/ 臺南市 ,13,14,機車竊盜
111年 11月/ 高雄市 ,31,32,機車竊盜
111年 11月/ 宜蘭縣 ,3,5,機車竊盜
111年 11月/ 新竹縣 ,22,13,機車竊盜
111年 11月/ 苗栗縣 ,7,5,機車竊盜
111年 11月/ 彰化縣 ,10,12,機車竊盜
111年 11月/ 南投縣 ,5,3,機車竊盜
111年 11月/ 雲林縣 ,8,9,機車竊盜
111年 11月/ 嘉義縣 ,7,5,機車竊盜
111年 11月/ 屏東縣 ,11,7,機車竊盜
111年 11月/ 臺東縣 ,4,3,機車竊盜
111年 11月/ 花蓮縣 ,10,10,機車竊盜
111年 11月/ 澎湖縣 ,1,1,機車竊盜
111年 11月/ 基隆市 ,11,7,機車竊盜
111年 11月/ 新竹市 ,15,19,機車竊盜
111年 11月/ 嘉義市 ,2,3,機車竊盜
111年 11月/ 金門縣 ,1,2,機車竊盜
111年 11月/ 連江縣 ,0,1,機車竊盜
111年 12月/ 新北市 ,49,45,機車竊盜
111年 12月/ 臺北市 ,15,24,機車竊盜
111年 12月/ 桃園市 ,43,42,機車竊盜
111年 12月/ 臺中市 ,45,38,機車竊盜
111年 12月/ 臺南市 ,20,17,機車竊盜
111年 12月/ 高雄市 ,32,22,機車竊盜
111年 12月/ 宜蘭縣 ,5,5,機車竊盜
111年 12月/ 新竹縣 ,8,4,機車竊盜
111年 12月/ 苗栗縣 ,7,6,機車竊盜
111年 12月/ 彰化縣 ,10,10,機車竊盜
111年 12月/ 南投縣 ,4,3,機車竊盜
111年 12月/ 雲林縣 ,6,7,機車竊盜
111年 12月/ 嘉義縣 ,4,4,機車竊盜
111年 12月/ 屏東縣 ,11,9,機車竊盜
111年 12月/ 臺東縣 ,8,6,機車竊盜
111年 12月/ 花蓮縣 ,8,9,機車竊盜
111年 12月/ 澎湖縣 ,0,0,機車竊盜
111年 12月/ 基隆市 ,0,2,機車竊盜
111年 12月/ 新竹市 ,20,13,機車竊盜
111年 12月/ 嘉義市 ,3,1,機車竊盜
111年 12月/ 金門縣 ,0,0,機車竊盜
111年 12月/ 連江縣 ,0,0,機車竊盜
